Location,Date,Existing_Capacity,Current_Utilization
Seattle,2022-01-01,2309,1661
Seattle,2022-01-02,2309,1663
Seattle,2022-01-03,2309,1661
Seattle,2022-01-04,2309,1680
Seattle,2022-01-05,2309,1680
Seattle,2022-01-06,2309,1687
Seattle,2022-01-07,2309,1681
Seattle,2022-01-08,2309,1682
Seattle,2022-01-09,2309,1696
Seattle,2022-01-10,2309,1694
Seattle,2022-01-11,2309,1698
Seattle,2022-01-12,2309,1706
Seattle,2022-01-13,2309,1718
Seattle,2022-01-14,2309,1720
Seattle,2022-01-15,2309,1739
Seattle,2022-01-16,2309,1758
Seattle,2022-01-17,2309,1764
Seattle,2022-01-18,2309,1763
Seattle,2022-01-19,2309,1789
Seattle,2022-01-20,2309,1786
Seattle,2022-01-21,2309,1792
Seattle,2022-01-22,2309,1799
Seattle,2022-01-23,2309,1814
Seattle,2022-01-24,2309,1833
Seattle,2022-01-25,2309,1853
Seattle,2022-01-26,2309,1864
Seattle,2022-01-27,2309,1890
Seattle,2022-01-28,2309,1890
Seattle,2022-01-29,2309,1897
Seattle,2022-01-30,2309,1921
Seattle,2022-01-31,2309,1934
Seattle,2022-02-01,2309,1950
Seattle,2022-02-02,2309,1946
Seattle,2022-02-03,2309,1966
Seattle,2022-02-04,2309,1963
Seattle,2022-02-05,2309,1984
Seattle,2022-02-06,2309,1992
Seattle,2022-02-07,2309,2002
Seattle,2022-02-08,2309,2003
Seattle,2022-02-09,2309,2009
Seattle,2022-02-10,2309,2026
Seattle,2022-02-11,2309,2042
Seattle,2022-02-12,2309,2056
Seattle,2022-02-13,3292,2068
Seattle,2022-02-14,3292,2079
Seattle,2022-02-15,3292,2085
Seattle,2022-02-16,3292,2088
Seattle,2022-02-17,3292,2108
Seattle,2022-02-18,3292,2109
Seattle,2022-02-19,3292,2130
Seattle,2022-02-20,3292,2138
Seattle,2022-02-21,3292,2135
Seattle,2022-02-22,3292,2162
Seattle,2022-02-23,3292,2186
Seattle,2022-02-24,3292,2189
Seattle,2022-02-25,3292,2198
Seattle,2022-02-26,3292,2198
Seattle,2022-02-27,3292,2197
Seattle,2022-02-28,3292,2218
Seattle,2022-03-01,3292,2231
Seattle,2022-03-02,3292,2252
Seattle,2022-03-03,3292,2263
Seattle,2022-03-04,3292,2271
Seattle,2022-03-05,3292,2273
Seattle,2022-03-06,3292,2286
Seattle,2022-03-07,3292,2282
Seattle,2022-03-08,3292,2303
Seattle,2022-03-09,3292,2302
Seattle,2022-03-10,3292,2324
Seattle,2022-03-11,3292,2337
Seattle,2022-03-12,3292,2346
Seattle,2022-03-13,3292,2362
Seattle,2022-03-14,3292,2374
Seattle,2022-03-15,3292,2385
Seattle,2022-03-16,3292,2400
Seattle,2022-03-17,3292,2419
Seattle,2022-03-18,3292,2439
Seattle,2022-03-19,3292,2459
Seattle,2022-03-20,3292,2458
Seattle,2022-03-21,3292,2466
Seattle,2022-03-22,3292,2474
Seattle,2022-03-23,3292,2500
Seattle,2022-03-24,3292,2511
Seattle,2022-03-25,3292,2521
Seattle,2022-03-26,3292,2544
Seattle,2022-03-27,3292,2568
Seattle,2022-03-28,3292,2582
Seattle,2022-03-29,3292,2582
Seattle,2022-03-30,3292,2601
Seattle,2022-03-31,3292,2616
Seattle,2022-04-01,3292,2639
Seattle,2022-04-02,3292,2654
Seattle,2022-04-03,3292,2663
Seattle,2022-04-04,3292,2662
Seattle,2022-04-05,3292,2686
Seattle,2022-04-06,3292,2687
Seattle,2022-04-07,3292,2692
Seattle,2022-04-08,3292,2716
Seattle,2022-04-09,3292,2715
Seattle,2022-04-10,3292,2735
Seattle,2022-04-11,3292,2757
Seattle,2022-04-12,3292,2776
Seattle,2022-04-13,3292,2777
Seattle,2022-04-14,3292,2805
Seattle,2022-04-15,3292,2806
Seattle,2022-04-16,3292,2820
Seattle,2022-04-17,3292,2828
Seattle,2022-04-18,3292,2855
Seattle,2022-04-19,3292,2874
Seattle,2022-04-20,3292,2892
Seattle,2022-04-21,3292,2900
Seattle,2022-04-22,3292,2912
Seattle,2022-04-23,3292,2920
Seattle,2022-04-24,3292,2922
Seattle,2022-04-25,3292,2920
Seattle,2022-04-26,3292,2918
Seattle,2022-04-27,3292,2930
Seattle,2022-04-28,3292,2943
Seattle,2022-04-29,3292,2937
Seattle,2022-04-30,3292,2953
Seattle,2022-05-01,3292,2954
Seattle,2022-05-02,3292,2976
Seattle,2022-05-03,3292,2999
Seattle,2022-05-04,3292,2999
Seattle,2022-05-05,3292,3002
Seattle,2022-05-06,3292,3020
Seattle,2022-05-07,3292,3024
Seattle,2022-05-08,3292,3026
Seattle,2022-05-09,3292,3041
Seattle,2022-05-10,4400,3045
Seattle,2022-05-11,4400,3045
Seattle,2022-05-12,4400,3045
Seattle,2022-05-13,4400,3053
Seattle,2022-05-14,4400,3063
Seattle,2022-05-15,4400,3084
Seattle,2022-05-16,4400,3099
Seattle,2022-05-17,4400,3097
Seattle,2022-05-18,4400,3116
Seattle,2022-05-19,4400,3135
Seattle,2022-05-20,4400,3137
Seattle,2022-05-21,4400,3141
Seattle,2022-05-22,4400,3150
Seattle,2022-05-23,4400,3158
Seattle,2022-05-24,4400,3163
Seattle,2022-05-25,4400,3164
Seattle,2022-05-26,4400,3176
Seattle,2022-05-27,4400,3173
Seattle,2022-05-28,4400,3191
Seattle,2022-05-29,4400,3211
Seattle,2022-05-30,4400,3208
Seattle,2022-05-31,4400,3210
Seattle,2022-06-01,4400,3224
Seattle,2022-06-02,4400,3229
Seattle,2022-06-03,4400,3253
Seattle,2022-06-04,4400,3257
Seattle,2022-06-05,4400,3256
Seattle,2022-06-06,4400,3263
Seattle,2022-06-07,4400,3271
Seattle,2022-06-08,4400,3294
Seattle,2022-06-09,4400,3319
Seattle,2022-06-10,4400,3341
Seattle,2022-06-11,4400,3353
Seattle,2022-06-12,4400,3357
Seattle,2022-06-13,4400,3359
Seattle,2022-06-14,4400,3378
Seattle,2022-06-15,4400,3391
Seattle,2022-06-16,4400,3412
Seattle,2022-06-17,4400,3409
Seattle,2022-06-18,4400,3426
Seattle,2022-06-19,4400,3442
Seattle,2022-06-20,4400,3443
Seattle,2022-06-21,4400,3473
Seattle,2022-06-22,4400,3472
Seattle,2022-06-23,4400,3474
Seattle,2022-06-24,4400,3477
Seattle,2022-06-25,4400,3501
Seattle,2022-06-26,4400,3509
Seattle,2022-06-27,4400,3539
Seattle,2022-06-28,4400,3546
Seattle,2022-06-29,4400,3561
Seattle,2022-06-30,4400,3576
Seattle,2022-07-01,4400,3590
Seattle,2022-07-02,4400,3608
Seattle,2022-07-03,4400,3622
Seattle,2022-07-04,4400,3649
Seattle,2022-07-05,4400,3656
Seattle,2022-07-06,4400,3676
Seattle,2022-07-07,4400,3681
Seattle,2022-07-08,4400,3690
Seattle,2022-07-09,4400,3712
Seattle,2022-07-10,4400,3720
Seattle,2022-07-11,4400,3726
Seattle,2022-07-12,4400,3725
Seattle,2022-07-13,4400,3744
Seattle,2022-07-14,4400,3743
Seattle,2022-07-15,4400,3757
Seattle,2022-07-16,4400,3771
Seattle,2022-07-17,4400,3773
Seattle,2022-07-18,4400,3797
Seattle,2022-07-19,4400,3822
Seattle,2022-07-20,4400,3831
Seattle,2022-07-21,4400,3835
Seattle,2022-07-22,4400,3861
Seattle,2022-07-23,4400,3881
Seattle,2022-07-24,4400,3901
Seattle,2022-07-25,4400,3913
Seattle,2022-07-26,4400,3934
Seattle,2022-07-27,4400,3944
Seattle,2022-07-28,4400,3944
Seattle,2022-07-29,4400,3948
Seattle,2022-07-30,4400,3972
Seattle,2022-07-31,4400,3995
Seattle,2022-08-01,4400,3997
Seattle,2022-08-02,4400,4006
Seattle,2022-08-03,4400,4013
Seattle,2022-08-04,4400,4020
Seattle,2022-08-05,4400,4042
Seattle,2022-08-06,4400,4067
Seattle,2022-08-07,4400,4082
Seattle,2022-08-08,4400,4086
Seattle,2022-08-09,4400,4089
Seattle,2022-08-10,4400,4100
Seattle,2022-08-11,4400,4097
Seattle,2022-08-12,4400,4104
Seattle,2022-08-13,4400,4122
Seattle,2022-08-14,4400,4128
Seattle,2022-08-15,4400,4142
Seattle,2022-08-16,5587,4163
Seattle,2022-08-17,5587,4159
Seattle,2022-08-18,5587,4162
Seattle,2022-08-19,5587,4187
Seattle,2022-08-20,5587,4200
Seattle,2022-08-21,5587,4224
Seattle,2022-08-22,5587,4242
Seattle,2022-08-23,5587,4245
Seattle,2022-08-24,5587,4245
Seattle,2022-08-25,5587,4252
Seattle,2022-08-26,5587,4276
Seattle,2022-08-27,5587,4302
Seattle,2022-08-28,5587,4309
Seattle,2022-08-29,5587,4317
Seattle,2022-08-30,5587,4318
Seattle,2022-08-31,5587,4342
Seattle,2022-09-01,5587,4367
Seattle,2022-09-02,5587,4381
Seattle,2022-09-03,5587,4405
Seattle,2022-09-04,5587,4427
Seattle,2022-09-05,5587,4447
Seattle,2022-09-06,5587,4472
Seattle,2022-09-07,5587,4467
Seattle,2022-09-08,5587,4486
Seattle,2022-09-09,5587,4508
Seattle,2022-09-10,5587,4528
Seattle,2022-09-11,5587,4531
Seattle,2022-09-12,5587,4550
Seattle,2022-09-13,5587,4556
Seattle,2022-09-14,5587,4580
Seattle,2022-09-15,5587,4582
Seattle,2022-09-16,5587,4605
Seattle,2022-09-17,5587,4612
Seattle,2022-09-18,5587,4633
Seattle,2022-09-19,5587,4634
Seattle,2022-09-20,5587,4650
Seattle,2022-09-21,5587,4658
Seattle,2022-09-22,5587,4660
Seattle,2022-09-23,5587,4686
Seattle,2022-09-24,5587,4695
Seattle,2022-09-25,5587,4705
Seattle,2022-09-26,5587,4709
Seattle,2022-09-27,5587,4708
Seattle,2022-09-28,5587,4711
Seattle,2022-09-29,5587,4737
Seattle,2022-09-30,5587,4732
Seattle,2022-10-01,5587,4752
Seattle,2022-10-02,5587,4766
Seattle,2022-10-03,5587,4791
Seattle,2022-10-04,5587,4806
Seattle,2022-10-05,5587,4820
Seattle,2022-10-06,5587,4834
Seattle,2022-10-07,5587,4840
Seattle,2022-10-08,5587,4844
Seattle,2022-10-09,5587,4855
Seattle,2022-10-10,5587,4875
Seattle,2022-10-11,5587,4895
Seattle,2022-10-12,5587,4921
Seattle,2022-10-13,5587,4947
Seattle,2022-10-14,5587,4953
Seattle,2022-10-15,5587,4964
Seattle,2022-10-16,5587,4997
Seattle,2022-10-17,5587,5026
Seattle,2022-10-18,5587,5045
Seattle,2022-10-19,5587,5070
Seattle,2022-10-20,5587,5076
Seattle,2022-10-21,5587,5104
Seattle,2022-10-22,5587,5120
Seattle,2022-10-23,5587,5142
Seattle,2022-10-24,5587,5153
Seattle,2022-10-25,5587,5175
Seattle,2022-10-26,5587,5191
Seattle,2022-10-27,5587,5198
Seattle,2022-10-28,5587,5220
Seattle,2022-10-29,5587,5244
Seattle,2022-10-30,5587,5271
Seattle,2022-10-31,5587,5292
Seattle,2022-11-01,5587,5302
Seattle,2022-11-02,5587,5323
Seattle,2022-11-03,5587,5323
Seattle,2022-11-04,5587,5331
Seattle,2022-11-05,6783,5348
Seattle,2022-11-06,6783,5370
Seattle,2022-11-07,6783,5381
Seattle,2022-11-08,6783,5396
Seattle,2022-11-09,6783,5416
Seattle,2022-11-10,6783,5433
Seattle,2022-11-11,6783,5462
Seattle,2022-11-12,6783,5484
Seattle,2022-11-13,6783,5503
Seattle,2022-11-14,6783,5514
Seattle,2022-11-15,6783,5538
Seattle,2022-11-16,6783,5557
Seattle,2022-11-17,6783,5563
Seattle,2022-11-18,6783,5597
Seattle,2022-11-19,6783,5607
Seattle,2022-11-20,6783,5615
Seattle,2022-11-21,6783,5639
Seattle,2022-11-22,6783,5641
Seattle,2022-11-23,6783,5641
Seattle,2022-11-24,6783,5658
Seattle,2022-11-25,6783,5689
Seattle,2022-11-26,6783,5692
Seattle,2022-11-27,6783,5708
Seattle,2022-11-28,6783,5725
Seattle,2022-11-29,6783,5750
Seattle,2022-11-30,6783,5763
Seattle,2022-12-01,6783,5774
Seattle,2022-12-02,6783,5781
Seattle,2022-12-03,6783,5801
Seattle,2022-12-04,6783,5833
Seattle,2022-12-05,6783,5864
Seattle,2022-12-06,6783,5890
Seattle,2022-12-07,6783,5915
Seattle,2022-12-08,6783,5921
Seattle,2022-12-09,6783,5949
Seattle,2022-12-10,6783,5966
Seattle,2022-12-11,6783,5969
Seattle,2022-12-12,6783,5980
Seattle,2022-12-13,6783,5984
Seattle,2022-12-14,6783,5992
Seattle,2022-12-15,6783,6009
Seattle,2022-12-16,6783,6027
Seattle,2022-12-17,6783,6046
Seattle,2022-12-18,6783,6080
Seattle,2022-12-19,6783,6109
Seattle,2022-12-20,6783,6132
Seattle,2022-12-21,6783,6157
Seattle,2022-12-22,6783,6174
Seattle,2022-12-23,6783,6205
Seattle,2022-12-24,6783,6218
Seattle,2022-12-25,6783,6245
Seattle,2022-12-26,6783,6261
Seattle,2022-12-27,6783,6273
Seattle,2022-12-28,6783,6284
Seattle,2022-12-29,6783,6304
Seattle,2022-12-30,6783,6332
Seattle,2022-12-31,6783,6349
Seattle,2023-01-01,6783,6364
Seattle,2023-01-02,6783,6369
Seattle,2023-01-03,6783,6367
Seattle,2023-01-04,6783,6370
Seattle,2023-01-05,6783,6376
Seattle,2023-01-06,6783,6402
Seattle,2023-01-07,6783,6399
Seattle,2023-01-08,6783,6398
Seattle,2023-01-09,6783,6405
Seattle,2023-01-10,6783,6422
Seattle,2023-01-11,6783,6421
Seattle,2023-01-12,6783,6430
Seattle,2023-01-13,6783,6444
Seattle,2023-01-14,6783,6451
Seattle,2023-01-15,6783,6454
Seattle,2023-01-16,6783,6464
Seattle,2023-01-17,6783,6488
Seattle,2023-01-18,6783,6513
Seattle,2023-01-19,6783,6522
Seattle,2023-01-20,6783,6518
Seattle,2023-01-21,6783,6524
Seattle,2023-01-22,7958,6548
Seattle,2023-01-23,7958,6569
Seattle,2023-01-24,7958,6592
Seattle,2023-01-25,7958,6615
Seattle,2023-01-26,7958,6625
Seattle,2023-01-27,7958,6630
Seattle,2023-01-28,7958,6639
Seattle,2023-01-29,7958,6647
Seattle,2023-01-30,7958,6665
Seattle,2023-01-31,7958,6683
Seattle,2023-02-01,7958,6706
Seattle,2023-02-02,7958,6730
Seattle,2023-02-03,7958,6747
Seattle,2023-02-04,7958,6744
Seattle,2023-02-05,7958,6760
Seattle,2023-02-06,7958,6775
Seattle,2023-02-07,7958,6774
Seattle,2023-02-08,7958,6775
Seattle,2023-02-09,7958,6774
Seattle,2023-02-10,7958,6779
Seattle,2023-02-11,7958,6784
Seattle,2023-02-12,7958,6794
Seattle,2023-02-13,7958,6801
Seattle,2023-02-14,7958,6806
Seattle,2023-02-15,7958,6808
Seattle,2023-02-16,7958,6817
Seattle,2023-02-17,7958,6838
Seattle,2023-02-18,7958,6835
Seattle,2023-02-19,7958,6836
Seattle,2023-02-20,7958,6854
Seattle,2023-02-21,7958,6872
Seattle,2023-02-22,7958,6897
Seattle,2023-02-23,7958,6897
Seattle,2023-02-24,7958,6911
Seattle,2023-02-25,7958,6913
Seattle,2023-02-26,7958,6922
Seattle,2023-02-27,7958,6935
Seattle,2023-02-28,7958,6945
Seattle,2023-03-01,7958,6965
Seattle,2023-03-02,7958,6968
Seattle,2023-03-03,7958,6981
Seattle,2023-03-04,7958,7000
Seattle,2023-03-05,7958,7026
Seattle,2023-03-06,7958,7027
Seattle,2023-03-07,7958,7023
Seattle,2023-03-08,7958,7038
Seattle,2023-03-09,7958,7045
Seattle,2023-03-10,7958,7045
Seattle,2023-03-11,7958,7062
Seattle,2023-03-12,7958,7061
Seattle,2023-03-13,7958,7086
Seattle,2023-03-14,7958,7105
Seattle,2023-03-15,7958,7128
Seattle,2023-03-16,7958,7147
Seattle,2023-03-17,7958,7156
Seattle,2023-03-18,7958,7165
Seattle,2023-03-19,7958,7165
Seattle,2023-03-20,7958,7181
Seattle,2023-03-21,7958,7178
Seattle,2023-03-22,7958,7201
Seattle,2023-03-23,7958,7201
Seattle,2023-03-24,7958,7227
Seattle,2023-03-25,7958,7244
Seattle,2023-03-26,7958,7261
Seattle,2023-03-27,7958,7269
Seattle,2023-03-28,7958,7290
Seattle,2023-03-29,7958,7316
Seattle,2023-03-30,7958,7333
Seattle,2023-03-31,7958,7354
Seattle,2023-04-01,7958,7365
Seattle,2023-04-02,7958,7389
Seattle,2023-04-03,7958,7393
Seattle,2023-04-04,7958,7415
Seattle,2023-04-05,7958,7435
Seattle,2023-04-06,7958,7440
Seattle,2023-04-07,7958,7444
Seattle,2023-04-08,7958,7460
Seattle,2023-04-09,7958,7478
Seattle,2023-04-10,7958,7482
Seattle,2023-04-11,7958,7493
Seattle,2023-04-12,7958,7495
Seattle,2023-04-13,7958,7497
Seattle,2023-04-14,7958,7518
Seattle,2023-04-15,7958,7524
Seattle,2023-04-16,7958,7550
Seattle,2023-04-17,7958,7568
Seattle,2023-04-18,7958,7579
Seattle,2023-04-19,7958,7590
Seattle,2023-04-20,7958,7587
Seattle,2023-04-21,7958,7607
Seattle,2023-04-22,7958,7620
Seattle,2023-04-23,7958,7639
Seattle,2023-04-24,7958,7658
Seattle,2023-04-25,7958,7675
Seattle,2023-04-26,7958,7683
Seattle,2023-04-27,7958,7681
Seattle,2023-04-28,7958,7685
Seattle,2023-04-29,7958,7702
Seattle,2023-04-30,9046,7709
Seattle,2023-05-01,9046,7722
Seattle,2023-05-02,9046,7734
Seattle,2023-05-03,9046,7745
Seattle,2023-05-04,9046,7751
Seattle,2023-05-05,9046,7770
Seattle,2023-05-06,9046,7774
Seattle,2023-05-07,9046,7777
Seattle,2023-05-08,9046,7775
Seattle,2023-05-09,9046,7779
Seattle,2023-05-10,9046,7800
Seattle,2023-05-11,9046,7825
Seattle,2023-05-12,9046,7826
Seattle,2023-05-13,9046,7846
Seattle,2023-05-14,9046,7852
Seattle,2023-05-15,9046,7874
Seattle,2023-05-16,9046,7889
Seattle,2023-05-17,9046,7887
Seattle,2023-05-18,9046,7891
Seattle,2023-05-19,9046,7897
Seattle,2023-05-20,9046,7900
Seattle,2023-05-21,9046,7920
Seattle,2023-05-22,9046,7920
Seattle,2023-05-23,9046,7915
Seattle,2023-05-24,9046,7928
Seattle,2023-05-25,9046,7945
Seattle,2023-05-26,9046,7962
Seattle,2023-05-27,9046,7959
Seattle,2023-05-28,9046,7973
Seattle,2023-05-29,9046,7985
Seattle,2023-05-30,9046,7995
Seattle,2023-05-31,9046,7994
Seattle,2023-06-01,9046,8001
Seattle,2023-06-02,9046,8000
Seattle,2023-06-03,9046,8011
Seattle,2023-06-04,9046,8013
Seattle,2023-06-05,9046,8034
Seattle,2023-06-06,9046,8032
Seattle,2023-06-07,9046,8036
Seattle,2023-06-08,9046,8064
Seattle,2023-06-09,9046,8063
Seattle,2023-06-10,9046,8066
Seattle,2023-06-11,9046,8089
Seattle,2023-06-12,9046,8108
Seattle,2023-06-13,9046,8133
Seattle,2023-06-14,9046,8140
Seattle,2023-06-15,9046,8151
Seattle,2023-06-16,9046,8179
Seattle,2023-06-17,9046,8188
Seattle,2023-06-18,9046,8199
Seattle,2023-06-19,9046,8217
Seattle,2023-06-20,9046,8218
Seattle,2023-06-21,9046,8249
Seattle,2023-06-22,9046,8249
Seattle,2023-06-23,9046,8266
Seattle,2023-06-24,9046,8275
Seattle,2023-06-25,9046,8274
Seattle,2023-06-26,9046,8278
Seattle,2023-06-27,9046,8291
Seattle,2023-06-28,9046,8292
Seattle,2023-06-29,9046,8304
Seattle,2023-06-30,9046,8326
Seattle,2023-07-01,9046,8339
Seattle,2023-07-02,9046,8337
Seattle,2023-07-03,9046,8347
Seattle,2023-07-04,9046,8357
Seattle,2023-07-05,9046,8383
Seattle,2023-07-06,9046,8386
Seattle,2023-07-07,9046,8391
Seattle,2023-07-08,9046,8417
Seattle,2023-07-09,9046,8436
Seattle,2023-07-10,9046,8458
Seattle,2023-07-11,9046,8467
Seattle,2023-07-12,9046,8481
Seattle,2023-07-13,9046,8498
Seattle,2023-07-14,9046,8525
Seattle,2023-07-15,9046,8548
Seattle,2023-07-16,9046,8546
Seattle,2023-07-17,9046,8549
Seattle,2023-07-18,9046,8569
Seattle,2023-07-19,9046,8595
Seattle,2023-07-20,9046,8622
Seattle,2023-07-21,9046,8632
Seattle,2023-07-22,9046,8647
Seattle,2023-07-23,9046,8657
Seattle,2023-07-24,9046,8667
Seattle,2023-07-25,9046,8683
Seattle,2023-07-26,9046,8697
Seattle,2023-07-27,9046,8699
Seattle,2023-07-28,9046,8699
Seattle,2023-07-29,9046,8720
Seattle,2023-07-30,9046,8737
Seattle,2023-07-31,9046,8733
Seattle,2023-08-01,9046,8741
Seattle,2023-08-02,9046,8767
Seattle,2023-08-03,9046,8781
Seattle,2023-08-04,10083,8806
Seattle,2023-08-05,10083,8820
Seattle,2023-08-06,10083,8841
Seattle,2023-08-07,10083,8856
Seattle,2023-08-08,10083,8875
Seattle,2023-08-09,10083,8902
Seattle,2023-08-10,10083,8907
Seattle,2023-08-11,10083,8921
Seattle,2023-08-12,10083,8946
Seattle,2023-08-13,10083,8947
Seattle,2023-08-14,10083,8957
Seattle,2023-08-15,10083,8965
Seattle,2023-08-16,10083,8982
Seattle,2023-08-17,10083,9006
Seattle,2023-08-18,10083,9015
Seattle,2023-08-19,10083,9036
Seattle,2023-08-20,10083,9046
Seattle,2023-08-21,10083,9075
Seattle,2023-08-22,10083,9101
Seattle,2023-08-23,10083,9101
Seattle,2023-08-24,10083,9101
Seattle,2023-08-25,10083,9107
Seattle,2023-08-26,10083,9109
Seattle,2023-08-27,10083,9136
Seattle,2023-08-28,10083,9158
Seattle,2023-08-29,10083,9179
Seattle,2023-08-30,10083,9192
Seattle,2023-08-31,10083,9190
Seattle,2023-09-01,10083,9202
Seattle,2023-09-02,10083,9218
Seattle,2023-09-03,10083,9235
Seattle,2023-09-04,10083,9253
Seattle,2023-09-05,10083,9255
Seattle,2023-09-06,10083,9267
Seattle,2023-09-07,10083,9292
Seattle,2023-09-08,10083,9303
Seattle,2023-09-09,10083,9300
Seattle,2023-09-10,10083,9318
Seattle,2023-09-11,10083,9338
Seattle,2023-09-12,10083,9355
Seattle,2023-09-13,10083,9362
Seattle,2023-09-14,10083,9360
Seattle,2023-09-15,10083,9367
Seattle,2023-09-16,10083,9368
Seattle,2023-09-17,10083,9376
Seattle,2023-09-18,10083,9391
Seattle,2023-09-19,10083,9402
Seattle,2023-09-20,10083,9414
Seattle,2023-09-21,10083,9424
Seattle,2023-09-22,10083,9434
Seattle,2023-09-23,10083,9446
Seattle,2023-09-24,10083,9447
Seattle,2023-09-25,10083,9451
Seattle,2023-09-26,10083,9462
Seattle,2023-09-27,10083,9483
Seattle,2023-09-28,10083,9488
Seattle,2023-09-29,10083,9496
Seattle,2023-09-30,10083,9498
Seattle,2023-10-01,10083,9510
Seattle,2023-10-02,10083,9523
Seattle,2023-10-03,10083,9543
Seattle,2023-10-04,10083,9565
Seattle,2023-10-05,10083,9591
Seattle,2023-10-06,10083,9607
Seattle,2023-10-07,10083,9622
Seattle,2023-10-08,10083,9634
Seattle,2023-10-09,10083,9660
Seattle,2023-10-10,10083,9673
Seattle,2023-10-11,10083,9702
Seattle,2023-10-12,10083,9728
Seattle,2023-10-13,10083,9749
Seattle,2023-10-14,10083,9768
Seattle,2023-10-15,10083,9779
Seattle,2023-10-16,10083,9804
Seattle,2023-10-17,10083,9805
Seattle,2023-10-18,10083,9829
Seattle,2023-10-19,11178,9855
Seattle,2023-10-20,11178,9870
Seattle,2023-10-21,11178,9899
Seattle,2023-10-22,11178,9918
Seattle,2023-10-23,11178,9931
Seattle,2023-10-24,11178,9937
Seattle,2023-10-25,11178,9969
Seattle,2023-10-26,11178,9983
Seattle,2023-10-27,11178,9990
Seattle,2023-10-28,11178,10018
Seattle,2023-10-29,11178,10023
Seattle,2023-10-30,11178,10053
Seattle,2023-10-31,11178,10056
Seattle,2023-11-01,11178,10061
Seattle,2023-11-02,11178,10091
Seattle,2023-11-03,11178,10093
Seattle,2023-11-04,11178,10112
Seattle,2023-11-05,11178,10120
Seattle,2023-11-06,11178,10142
Seattle,2023-11-07,11178,10157
Seattle,2023-11-08,11178,10163
Seattle,2023-11-09,11178,10177
Seattle,2023-11-10,11178,10202
Seattle,2023-11-11,11178,10220
Seattle,2023-11-12,11178,10250
Seattle,2023-11-13,11178,10273
Seattle,2023-11-14,11178,10305
Seattle,2023-11-15,11178,10324
Seattle,2023-11-16,11178,10339
Seattle,2023-11-17,11178,10356
Seattle,2023-11-18,11178,10366
Seattle,2023-11-19,11178,10387
Seattle,2023-11-20,11178,10397
Seattle,2023-11-21,11178,10400
Seattle,2023-11-22,11178,10407
Seattle,2023-11-23,11178,10430
Seattle,2023-11-24,11178,10455
Seattle,2023-11-25,11178,10468
Seattle,2023-11-26,11178,10490
Seattle,2023-11-27,11178,10516
Seattle,2023-11-28,11178,10517
Seattle,2023-11-29,11178,10540
Seattle,2023-11-30,11178,10549
Seattle,2023-12-01,11178,10561
Seattle,2023-12-02,11178,10564
Seattle,2023-12-03,11178,10581
Seattle,2023-12-04,11178,10602
Seattle,2023-12-05,11178,10626
Seattle,2023-12-06,11178,10630
Seattle,2023-12-07,11178,10634
Seattle,2023-12-08,11178,10662
Seattle,2023-12-09,11178,10684
Seattle,2023-12-10,11178,10692
Seattle,2023-12-11,11178,10723
Seattle,2023-12-12,11178,10726
Seattle,2023-12-13,11178,10743
Seattle,2023-12-14,11178,10752
Seattle,2023-12-15,11178,10763
Seattle,2023-12-16,11178,10767
Seattle,2023-12-17,11178,10781
Seattle,2023-12-18,11178,10804
Seattle,2023-12-19,11178,10807
Seattle,2023-12-20,11178,10821
Seattle,2023-12-21,11178,10839
Seattle,2023-12-22,11178,10860
Seattle,2023-12-23,11178,10882
Seattle,2023-12-24,11178,10900
Seattle,2023-12-25,11178,10908
Seattle,2023-12-26,11178,10924
Seattle,2023-12-27,12199,10937
Seattle,2023-12-28,12199,10951
Seattle,2023-12-29,12199,10964
Seattle,2023-12-30,12199,10976
Seattle,2023-12-31,12199,10983
Seattle,2024-01-01,12199,11006
Seattle,2024-01-02,12199,11008
Seattle,2024-01-03,12199,11020
Seattle,2024-01-04,12199,11047
Seattle,2024-01-05,12199,11067
Seattle,2024-01-06,12199,11089
Seattle,2024-01-07,12199,11108
Seattle,2024-01-08,12199,11123
Seattle,2024-01-09,12199,11125
Seattle,2024-01-10,12199,11140
Seattle,2024-01-11,12199,11156
Seattle,2024-01-12,12199,11170
Seattle,2024-01-13,12199,11192
Seattle,2024-01-14,12199,11198
Seattle,2024-01-15,12199,11197
Seattle,2024-01-16,12199,11203
Seattle,2024-01-17,12199,11201
Seattle,2024-01-18,12199,11208
Seattle,2024-01-19,12199,11208
Seattle,2024-01-20,12199,11210
Seattle,2024-01-21,12199,11234
Seattle,2024-01-22,12199,11248
Seattle,2024-01-23,12199,11273
Seattle,2024-01-24,12199,11294
Seattle,2024-01-25,12199,11299
Seattle,2024-01-26,12199,11325
Seattle,2024-01-27,12199,11344
Seattle,2024-01-28,12199,11363
Seattle,2024-01-29,12199,11371
Seattle,2024-01-30,12199,11370
Seattle,2024-01-31,12199,11394
Seattle,2024-02-01,12199,11422
Seattle,2024-02-02,12199,11427
Seattle,2024-02-03,12199,11449
Seattle,2024-02-04,12199,11445
Seattle,2024-02-05,12199,11456
Seattle,2024-02-06,12199,11466
Seattle,2024-02-07,12199,11483
Seattle,2024-02-08,12199,11498
Seattle,2024-02-09,12199,11520
Seattle,2024-02-10,12199,11518
Seattle,2024-02-11,12199,11527
Seattle,2024-02-12,12199,11544
Seattle,2024-02-13,12199,11552
Seattle,2024-02-14,12199,11553
Seattle,2024-02-15,12199,11570
Seattle,2024-02-16,12199,11595
Seattle,2024-02-17,12199,11612
Seattle,2024-02-18,12199,11610
Seattle,2024-02-19,12199,11605
Seattle,2024-02-20,12199,11611
Seattle,2024-02-21,12199,11608
Seattle,2024-02-22,12199,11613
Seattle,2024-02-23,12199,11614
Seattle,2024-02-24,12199,11624
Seattle,2024-02-25,12199,11643
Seattle,2024-02-26,12199,11654
Seattle,2024-02-27,12199,11672
Seattle,2024-02-28,12199,11697
Seattle,2024-02-29,12199,11711
Seattle,2024-03-01,12199,11734
Seattle,2024-03-02,12199,11750
Seattle,2024-03-03,12199,11776
Seattle,2024-03-04,12199,11773
Seattle,2024-03-05,12199,11776
Seattle,2024-03-06,12199,11785
Seattle,2024-03-07,12199,11808
Seattle,2024-03-08,12199,11807
Seattle,2024-03-09,12199,11820
Seattle,2024-03-10,12199,11818
Seattle,2024-03-11,12199,11821
Seattle,2024-03-12,12199,11845
Seattle,2024-03-13,12199,11872
Seattle,2024-03-14,12199,11869
Seattle,2024-03-15,12199,11887
Seattle,2024-03-16,12199,11881
Seattle,2024-03-17,12199,11902
Seattle,2024-03-18,12199,11904
Seattle,2024-03-19,12199,11927
Seattle,2024-03-20,12199,11927
Seattle,2024-03-21,13205,11951
Seattle,2024-03-22,13205,11964
Seattle,2024-03-23,13205,11985
Seattle,2024-03-24,13205,11990
Seattle,2024-03-25,13205,12013
Seattle,2024-03-26,13205,12009
Seattle,2024-03-27,13205,12031
Seattle,2024-03-28,13205,12033
Seattle,2024-03-29,13205,12036
Seattle,2024-03-30,13205,12033
Seattle,2024-03-31,13205,12031
Seattle,2024-04-01,13205,12037
Seattle,2024-04-02,13205,12051
Seattle,2024-04-03,13205,12046
Seattle,2024-04-04,13205,12048
Seattle,2024-04-05,13205,12049
Seattle,2024-04-06,13205,12059
Seattle,2024-04-07,13205,12076
Seattle,2024-04-08,13205,12088
Seattle,2024-04-09,13205,12108
Seattle,2024-04-10,13205,12122
Seattle,2024-04-11,13205,12122
Seattle,2024-04-12,13205,12133
Seattle,2024-04-13,13205,12161
Seattle,2024-04-14,13205,12160
Seattle,2024-04-15,13205,12166
Seattle,2024-04-16,13205,12180
Seattle,2024-04-17,13205,12178
Seattle,2024-04-18,13205,12202
Seattle,2024-04-19,13205,12209
Seattle,2024-04-20,13205,12221
Seattle,2024-04-21,13205,12217
Seattle,2024-04-22,13205,12225
Seattle,2024-04-23,13205,12223
Seattle,2024-04-24,13205,12223
Seattle,2024-04-25,13205,12240
Seattle,2024-04-26,13205,12253
Seattle,2024-04-27,13205,12263
Seattle,2024-04-28,13205,12275
Seattle,2024-04-29,13205,12287
Seattle,2024-04-30,13205,12303
Seattle,2024-05-01,13205,12300
Seattle,2024-05-02,13205,12325
Seattle,2024-05-03,13205,12343
Seattle,2024-05-04,13205,12353
Seattle,2024-05-05,13205,12376
Seattle,2024-05-06,13205,12385
Seattle,2024-05-07,13205,12408
Seattle,2024-05-08,13205,12417
Seattle,2024-05-09,13205,12434
Seattle,2024-05-10,13205,12441
Seattle,2024-05-11,13205,12447
Seattle,2024-05-12,13205,12453
Seattle,2024-05-13,13205,12471
Seattle,2024-05-14,13205,12467
Seattle,2024-05-15,13205,12487
Seattle,2024-05-16,13205,12486
Seattle,2024-05-17,13205,12485
Seattle,2024-05-18,13205,12505
Seattle,2024-05-19,13205,12516
Seattle,2024-05-20,13205,12532
Seattle,2024-05-21,13205,12545
Seattle,2024-05-22,13205,12560
Seattle,2024-05-23,13205,12569
Seattle,2024-05-24,13205,12593
Seattle,2024-05-25,13205,12614
Seattle,2024-05-26,13205,12640
Seattle,2024-05-27,13205,12655
Seattle,2024-05-28,13205,12660
Seattle,2024-05-29,13205,12676
Seattle,2024-05-30,13205,12677
Seattle,2024-05-31,13205,12695
Seattle,2024-06-01,13205,12698
Seattle,2024-06-02,13205,12709
Seattle,2024-06-03,13205,12716
Seattle,2024-06-04,13205,12738
Seattle,2024-06-05,13205,12753
Seattle,2024-06-06,13205,12777
Seattle,2024-06-07,13205,12804
Seattle,2024-06-08,13205,12828
Seattle,2024-06-09,13205,12848
Seattle,2024-06-10,13205,12868
Seattle,2024-06-11,13205,12868
Seattle,2024-06-12,13205,12898
Seattle,2024-06-13,13205,12925
Seattle,2024-06-14,13205,12929
Seattle,2024-06-15,13205,12932
Seattle,2024-06-16,13205,12952
Seattle,2024-06-17,14284,12979
Seattle,2024-06-18,14284,12976
Seattle,2024-06-19,14284,13000
Seattle,2024-06-20,14284,13019
Seattle,2024-06-21,14284,13027
Seattle,2024-06-22,14284,13032
Seattle,2024-06-23,14284,13048
Seattle,2024-06-24,14284,13051
Seattle,2024-06-25,14284,13064
Seattle,2024-06-26,14284,13075
Seattle,2024-06-27,14284,13087
Seattle,2024-06-28,14284,13090
Seattle,2024-06-29,14284,13100
Seattle,2024-06-30,14284,13110
Seattle,2024-07-01,14284,13125
Seattle,2024-07-02,14284,13149
Seattle,2024-07-03,14284,13150
Seattle,2024-07-04,14284,13174
Seattle,2024-07-05,14284,13176
Seattle,2024-07-06,14284,13176
Seattle,2024-07-07,14284,13191
Seattle,2024-07-08,14284,13203
Seattle,2024-07-09,14284,13221
Seattle,2024-07-10,14284,13232
Seattle,2024-07-11,14284,13238
Seattle,2024-07-12,14284,13239
Seattle,2024-07-13,14284,13248
Seattle,2024-07-14,14284,13258
Seattle,2024-07-15,14284,13279
Seattle,2024-07-16,14284,13294
Seattle,2024-07-17,14284,13313
Seattle,2024-07-18,14284,13311
Seattle,2024-07-19,14284,13323
Seattle,2024-07-20,14284,13320
Seattle,2024-07-21,14284,13324
Seattle,2024-07-22,14284,13351
Seattle,2024-07-23,14284,13372
Seattle,2024-07-24,14284,13394
Seattle,2024-07-25,14284,13401
Seattle,2024-07-26,14284,13400
Seattle,2024-07-27,14284,13416
Seattle,2024-07-28,14284,13426
Seattle,2024-07-29,14284,13429
Seattle,2024-07-30,14284,13447
Seattle,2024-07-31,14284,13454
Seattle,2024-08-01,14284,13472
Seattle,2024-08-02,14284,13495
Seattle,2024-08-03,14284,13496
Seattle,2024-08-04,14284,13524
Seattle,2024-08-05,14284,13524
Seattle,2024-08-06,14284,13523
Seattle,2024-08-07,14284,13548
Seattle,2024-08-08,14284,13573
Seattle,2024-08-09,14284,13590
Seattle,2024-08-10,14284,13607
Seattle,2024-08-11,14284,13630
Seattle,2024-08-12,14284,13641
Seattle,2024-08-13,14284,13643
Seattle,2024-08-14,14284,13641
Seattle,2024-08-15,14284,13646
Seattle,2024-08-16,14284,13661
Seattle,2024-08-17,14284,13688
Seattle,2024-08-18,14284,13689
Seattle,2024-08-19,14284,13712
Seattle,2024-08-20,14284,13718
Seattle,2024-08-21,14284,13735
Seattle,2024-08-22,14284,13747
Seattle,2024-08-23,14284,13757
Seattle,2024-08-24,14284,13778
Seattle,2024-08-25,14284,13783
Seattle,2024-08-26,14284,13804
Seattle,2024-08-27,14284,13806
Seattle,2024-08-28,14284,13822
Seattle,2024-08-29,14284,13838
Seattle,2024-08-30,14284,13842
Seattle,2024-08-31,14284,13854
Seattle,2024-09-01,14284,13879
Seattle,2024-09-02,14284,13880
Seattle,2024-09-03,14284,13880
Seattle,2024-09-04,14284,13881
Seattle,2024-09-05,14284,13895
Seattle,2024-09-06,14284,13913
Seattle,2024-09-07,14284,13915
Seattle,2024-09-08,14284,13927
Seattle,2024-09-09,14284,13949
Seattle,2024-09-10,14284,13961
Seattle,2024-09-11,14284,13979
Seattle,2024-09-12,14284,13985
Seattle,2024-09-13,14284,13986
Seattle,2024-09-14,14284,13985
Seattle,2024-09-15,14284,13995
Seattle,2024-09-16,14284,14016
Seattle,2024-09-17,14284,14028
Seattle,2024-09-18,15221,14037
Seattle,2024-09-19,15221,14043
Seattle,2024-09-20,15221,14051
Seattle,2024-09-21,15221,14048
Seattle,2024-09-22,15221,14070
Seattle,2024-09-23,15221,14066
Seattle,2024-09-24,15221,14083
Seattle,2024-09-25,15221,14096
Seattle,2024-09-26,15221,14108
Seattle,2024-09-27,15221,14119
Seattle,2024-09-28,15221,14131
Seattle,2024-09-29,15221,14146
Seattle,2024-09-30,15221,14154
Seattle,2024-10-01,15221,14171
Seattle,2024-10-02,15221,14173
Seattle,2024-10-03,15221,14185
Seattle,2024-10-04,15221,14214
Seattle,2024-10-05,15221,14227
Seattle,2024-10-06,15221,14231
Seattle,2024-10-07,15221,14250
Seattle,2024-10-08,15221,14250
Seattle,2024-10-09,15221,14273
Seattle,2024-10-10,15221,14289
Seattle,2024-10-11,15221,14307
Seattle,2024-10-12,15221,14312
Seattle,2024-10-13,15221,14323
Seattle,2024-10-14,15221,14336
Seattle,2024-10-15,15221,14360
Seattle,2024-10-16,15221,14383
Seattle,2024-10-17,15221,14388
Seattle,2024-10-18,15221,14411
Seattle,2024-10-19,15221,14419
Seattle,2024-10-20,15221,14427
Seattle,2024-10-21,15221,14447
Seattle,2024-10-22,15221,14459
Seattle,2024-10-23,15221,14470
Seattle,2024-10-24,15221,14500
Seattle,2024-10-25,15221,14532
Seattle,2024-10-26,15221,14558
Seattle,2024-10-27,15221,14566
Seattle,2024-10-28,15221,14587
Seattle,2024-10-29,15221,14591
Seattle,2024-10-30,15221,14603
Seattle,2024-10-31,15221,14628
Seattle,2024-11-01,15221,14639
Seattle,2024-11-02,15221,14661
Seattle,2024-11-03,15221,14689
Seattle,2024-11-04,15221,14700
Seattle,2024-11-05,15221,14715
Seattle,2024-11-06,15221,14740
Seattle,2024-11-07,15221,14765
Seattle,2024-11-08,15221,14789
Seattle,2024-11-09,15221,14818
Seattle,2024-11-10,15221,14841
Seattle,2024-11-11,15221,14846
Seattle,2024-11-12,15221,14868
Seattle,2024-11-13,15221,14884
Seattle,2024-11-14,15221,14884
Seattle,2024-11-15,15221,14892
Seattle,2024-11-16,15221,14921
Seattle,2024-11-17,15221,14935
Seattle,2024-11-18,15221,14949
Seattle,2024-11-19,15221,14955
Seattle,2024-11-20,15221,14957
Seattle,2024-11-21,15221,14970
Seattle,2024-11-22,16380,14993
Seattle,2024-11-23,16380,15019
Seattle,2024-11-24,16380,15048
Seattle,2024-11-25,16380,15078
Seattle,2024-11-26,16380,15082
Seattle,2024-11-27,16380,15096
Seattle,2024-11-28,16380,15114
Seattle,2024-11-29,16380,15134
Seattle,2024-11-30,16380,15137
Seattle,2024-12-01,16380,15146
Seattle,2024-12-02,16380,15172
Seattle,2024-12-03,16380,15195
Seattle,2024-12-04,16380,15222
Seattle,2024-12-05,16380,15246
Seattle,2024-12-06,16380,15248
Seattle,2024-12-07,16380,15262
Seattle,2024-12-08,16380,15284
Seattle,2024-12-09,16380,15300
Seattle,2024-12-10,16380,15313
Seattle,2024-12-11,16380,15340
Seattle,2024-12-12,16380,15353
Seattle,2024-12-13,16380,15369
Seattle,2024-12-14,16380,15382
Seattle,2024-12-15,16380,15408
Seattle,2024-12-16,16380,15440
Seattle,2024-12-17,16380,15446
Seattle,2024-12-18,16380,15469
Seattle,2024-12-19,16380,15484
Seattle,2024-12-20,16380,15508
Seattle,2024-12-21,16380,15533
Seattle,2024-12-22,16380,15551
Seattle,2024-12-23,16380,15563
Seattle,2024-12-24,16380,15588
Seattle,2024-12-25,16380,15615
Seattle,2024-12-26,16380,15623
Seattle,2024-12-27,16380,15629
Seattle,2024-12-28,16380,15650
Seattle,2024-12-29,16380,15677
Seattle,2024-12-30,16380,15692
Seattle,2024-12-31,16380,15718
Seattle,2025-01-01,16380,15728
Seattle,2025-01-02,16380,15731
Seattle,2025-01-03,16380,15750
Seattle,2025-01-04,16380,15755
Seattle,2025-01-05,16380,15781
Seattle,2025-01-06,16380,15782
Seattle,2025-01-07,16380,15779
Seattle,2025-01-08,16380,15802
Seattle,2025-01-09,16380,15826
Seattle,2025-01-10,16380,15849
Seattle,2025-01-11,16380,15856
Seattle,2025-01-12,16380,15866
Seattle,2025-01-13,16380,15872
Seattle,2025-01-14,16380,15878
Seattle,2025-01-15,16380,15884
Seattle,2025-01-16,16380,15880
Seattle,2025-01-17,16380,15903
Seattle,2025-01-18,16380,15925
Seattle,2025-01-19,16380,15945
Seattle,2025-01-20,16380,15943
Seattle,2025-01-21,16380,15949
Seattle,2025-01-22,16380,15966
Seattle,2025-01-23,16380,15987
Seattle,2025-01-24,16380,15999
Seattle,2025-01-25,16380,15993
Seattle,2025-01-26,16380,15989
Seattle,2025-01-27,16380,15990
Seattle,2025-01-28,16380,16005
Seattle,2025-01-29,16380,16018
Seattle,2025-01-30,16380,16017
Seattle,2025-01-31,16380,16020
New York,2022-01-01,1249,891
New York,2022-01-02,1249,899
New York,2022-01-03,1249,899
New York,2022-01-04,1249,916
New York,2022-01-05,1249,914
New York,2022-01-06,1249,927
New York,2022-01-07,1249,944
New York,2022-01-08,1249,950
New York,2022-01-09,1249,948
New York,2022-01-10,1249,954
New York,2022-01-11,1249,969
New York,2022-01-12,1249,968
New York,2022-01-13,1249,980
New York,2022-01-14,1249,980
New York,2022-01-15,1249,995
New York,2022-01-16,2432,1018
New York,2022-01-17,2432,1015
New York,2022-01-18,2432,1039
New York,2022-01-19,2432,1037
New York,2022-01-20,2432,1044
New York,2022-01-21,2432,1061
New York,2022-01-22,2432,1066
New York,2022-01-23,2432,1072
New York,2022-01-24,2432,1089
New York,2022-01-25,2432,1111
New York,2022-01-26,2432,1130
New York,2022-01-27,2432,1128
New York,2022-01-28,2432,1137
New York,2022-01-29,2432,1142
New York,2022-01-30,2432,1165
New York,2022-01-31,2432,1184
New York,2022-02-01,2432,1199
New York,2022-02-02,2432,1219
New York,2022-02-03,2432,1218
New York,2022-02-04,2432,1215
New York,2022-02-05,2432,1215
New York,2022-02-06,2432,1235
New York,2022-02-07,2432,1257
New York,2022-02-08,2432,1263
New York,2022-02-09,2432,1276
New York,2022-02-10,2432,1300
New York,2022-02-11,2432,1311
New York,2022-02-12,2432,1307
New York,2022-02-13,2432,1312
New York,2022-02-14,2432,1333
New York,2022-02-15,2432,1356
New York,2022-02-16,2432,1358
New York,2022-02-17,2432,1379
New York,2022-02-18,2432,1389
New York,2022-02-19,2432,1409
New York,2022-02-20,2432,1434
New York,2022-02-21,2432,1439
New York,2022-02-22,2432,1451
New York,2022-02-23,2432,1460
New York,2022-02-24,2432,1462
New York,2022-02-25,2432,1482
New York,2022-02-26,2432,1481
New York,2022-02-27,2432,1495
New York,2022-02-28,2432,1508
New York,2022-03-01,2432,1512
New York,2022-03-02,2432,1510
New York,2022-03-03,2432,1527
New York,2022-03-04,2432,1533
New York,2022-03-05,2432,1549
New York,2022-03-06,2432,1551
New York,2022-03-07,2432,1559
New York,2022-03-08,2432,1556
New York,2022-03-09,2432,1572
New York,2022-03-10,2432,1574
New York,2022-03-11,2432,1573
New York,2022-03-12,2432,1582
New York,2022-03-13,2432,1602
New York,2022-03-14,2432,1626
New York,2022-03-15,2432,1628
New York,2022-03-16,2432,1646
New York,2022-03-17,2432,1642
New York,2022-03-18,2432,1639
New York,2022-03-19,2432,1659
New York,2022-03-20,2432,1667
New York,2022-03-21,2432,1695
New York,2022-03-22,2432,1694
New York,2022-03-23,2432,1695
New York,2022-03-24,2432,1721
New York,2022-03-25,2432,1729
New York,2022-03-26,2432,1747
New York,2022-03-27,2432,1760
New York,2022-03-28,2432,1772
New York,2022-03-29,2432,1780
New York,2022-03-30,2432,1796
New York,2022-03-31,2432,1797
New York,2022-04-01,2432,1792
New York,2022-04-02,2432,1805
New York,2022-04-03,2432,1815
New York,2022-04-04,2432,1814
New York,2022-04-05,2432,1834
New York,2022-04-06,2432,1853
New York,2022-04-07,2432,1857
New York,2022-04-08,2432,1863
New York,2022-04-09,2432,1863
New York,2022-04-10,2432,1861
New York,2022-04-11,2432,1870
New York,2022-04-12,2432,1895
New York,2022-04-13,2432,1893
New York,2022-04-14,2432,1910
New York,2022-04-15,2432,1926
New York,2022-04-16,2432,1941
New York,2022-04-17,2432,1946
New York,2022-04-18,2432,1968
New York,2022-04-19,2432,1985
New York,2022-04-20,2432,2006
New York,2022-04-21,2432,2017
New York,2022-04-22,2432,2015
New York,2022-04-23,2432,2035
New York,2022-04-24,2432,2039
New York,2022-04-25,2432,2035
New York,2022-04-26,2432,2050
New York,2022-04-27,2432,2058
New York,2022-04-28,2432,2081
New York,2022-04-29,2432,2083
New York,2022-04-30,2432,2105
New York,2022-05-01,2432,2103
New York,2022-05-02,2432,2112
New York,2022-05-03,2432,2125
New York,2022-05-04,2432,2146
New York,2022-05-05,2432,2170
New York,2022-05-06,2432,2167
New York,2022-05-07,2432,2171
New York,2022-05-08,2432,2182
New York,2022-05-09,3508,2201
New York,2022-05-10,3508,2203
New York,2022-05-11,3508,2221
New York,2022-05-12,3508,2221
New York,2022-05-13,3508,2232
New York,2022-05-14,3508,2255
New York,2022-05-15,3508,2275
New York,2022-05-16,3508,2286
New York,2022-05-17,3508,2290
New York,2022-05-18,3508,2291
New York,2022-05-19,3508,2315
New York,2022-05-20,3508,2324
New York,2022-05-21,3508,2348
New York,2022-05-22,3508,2369
New York,2022-05-23,3508,2372
New York,2022-05-24,3508,2390
New York,2022-05-25,3508,2393
New York,2022-05-26,3508,2409
New York,2022-05-27,3508,2426
New York,2022-05-28,3508,2426
New York,2022-05-29,3508,2441
New York,2022-05-30,3508,2457
New York,2022-05-31,3508,2456
New York,2022-06-01,3508,2477
New York,2022-06-02,3508,2500
New York,2022-06-03,3508,2510
New York,2022-06-04,3508,2507
New York,2022-06-05,3508,2505
New York,2022-06-06,3508,2536
New York,2022-06-07,3508,2560
New York,2022-06-08,3508,2569
New York,2022-06-09,3508,2575
New York,2022-06-10,3508,2588
New York,2022-06-11,3508,2604
New York,2022-06-12,3508,2620
New York,2022-06-13,3508,2635
New York,2022-06-14,3508,2653
New York,2022-06-15,3508,2665
New York,2022-06-16,3508,2691
New York,2022-06-17,3508,2701
New York,2022-06-18,3508,2711
New York,2022-06-19,3508,2729
New York,2022-06-20,3508,2733
New York,2022-06-21,3508,2745
New York,2022-06-22,3508,2756
New York,2022-06-23,3508,2766
New York,2022-06-24,3508,2768
New York,2022-06-25,3508,2796
New York,2022-06-26,3508,2807
New York,2022-06-27,3508,2832
New York,2022-06-28,3508,2841
New York,2022-06-29,3508,2863
New York,2022-06-30,3508,2879
New York,2022-07-01,3508,2880
New York,2022-07-02,3508,2886
New York,2022-07-03,3508,2887
New York,2022-07-04,3508,2898
New York,2022-07-05,3508,2898
New York,2022-07-06,3508,2897
New York,2022-07-07,3508,2926
New York,2022-07-08,3508,2953
New York,2022-07-09,3508,2963
New York,2022-07-10,3508,2990
New York,2022-07-11,3508,3014
New York,2022-07-12,3508,3043
New York,2022-07-13,3508,3064
New York,2022-07-14,3508,3067
New York,2022-07-15,3508,3082
New York,2022-07-16,3508,3095
New York,2022-07-17,3508,3121
New York,2022-07-18,3508,3132
New York,2022-07-19,3508,3133
New York,2022-07-20,3508,3148
New York,2022-07-21,3508,3175
New York,2022-07-22,3508,3181
New York,2022-07-23,3508,3188
New York,2022-07-24,3508,3187
New York,2022-07-25,3508,3202
New York,2022-07-26,3508,3231
New York,2022-07-27,3508,3251
New York,2022-07-28,4412,3260
New York,2022-07-29,4412,3283
New York,2022-07-30,4412,3293
New York,2022-07-31,4412,3319
New York,2022-08-01,4412,3340
New York,2022-08-02,4412,3363
New York,2022-08-03,4412,3370
New York,2022-08-04,4412,3378
New York,2022-08-05,4412,3396
New York,2022-08-06,4412,3400
New York,2022-08-07,4412,3415
New York,2022-08-08,4412,3416
New York,2022-08-09,4412,3431
New York,2022-08-10,4412,3455
New York,2022-08-11,4412,3463
New York,2022-08-12,4412,3484
New York,2022-08-13,4412,3484
New York,2022-08-14,4412,3486
New York,2022-08-15,4412,3495
New York,2022-08-16,4412,3510
New York,2022-08-17,4412,3531
New York,2022-08-18,4412,3537
New York,2022-08-19,4412,3552
New York,2022-08-20,4412,3564
New York,2022-08-21,4412,3561
New York,2022-08-22,4412,3566
New York,2022-08-23,4412,3575
New York,2022-08-24,4412,3590
New York,2022-08-25,4412,3594
New York,2022-08-26,4412,3622
New York,2022-08-27,4412,3624
New York,2022-08-28,4412,3653
New York,2022-08-29,4412,3660
New York,2022-08-30,4412,3672
New York,2022-08-31,4412,3693
New York,2022-09-01,4412,3707
New York,2022-09-02,4412,3721
New York,2022-09-03,4412,3735
New York,2022-09-04,4412,3755
New York,2022-09-05,4412,3761
New York,2022-09-06,4412,3781
New York,2022-09-07,4412,3788
New York,2022-09-08,4412,3803
New York,2022-09-09,4412,3814
New York,2022-09-10,4412,3817
New York,2022-09-11,4412,3833
New York,2022-09-12,4412,3839
New York,2022-09-13,4412,3852
New York,2022-09-14,4412,3869
New York,2022-09-15,4412,3884
New York,2022-09-16,4412,3887
New York,2022-09-17,4412,3905
New York,2022-09-18,4412,3926
New York,2022-09-19,4412,3925
New York,2022-09-20,4412,3924
New York,2022-09-21,4412,3948
New York,2022-09-22,4412,3948
New York,2022-09-23,4412,3958
New York,2022-09-24,4412,3966
New York,2022-09-25,4412,3974
New York,2022-09-26,4412,3985
New York,2022-09-27,4412,4007
New York,2022-09-28,4412,4033
New York,2022-09-29,4412,4054
New York,2022-09-30,4412,4071
New York,2022-10-01,4412,4086
New York,2022-10-02,4412,4103
New York,2022-10-03,4412,4125
New York,2022-10-04,4412,4142
New York,2022-10-05,4412,4151
New York,2022-10-06,5487,4167
New York,2022-10-07,5487,4184
New York,2022-10-08,5487,4209
New York,2022-10-09,5487,4239
New York,2022-10-10,5487,4263
New York,2022-10-11,5487,4291
New York,2022-10-12,5487,4301
New York,2022-10-13,5487,4315
New York,2022-10-14,5487,4344
New York,2022-10-15,5487,4354
New York,2022-10-16,5487,4362
New York,2022-10-17,5487,4392
New York,2022-10-18,5487,4416
New York,2022-10-19,5487,4437
New York,2022-10-20,5487,4462
New York,2022-10-21,5487,4477
New York,2022-10-22,5487,4492
New York,2022-10-23,5487,4513
New York,2022-10-24,5487,4536
New York,2022-10-25,5487,4543
New York,2022-10-26,5487,4564
New York,2022-10-27,5487,4582
New York,2022-10-28,5487,4611
New York,2022-10-29,5487,4637
New York,2022-10-30,5487,4671
New York,2022-10-31,5487,4695
New York,2022-11-01,5487,4702
New York,2022-11-02,5487,4714
New York,2022-11-03,5487,4716
New York,2022-11-04,5487,4746
New York,2022-11-05,5487,4766
New York,2022-11-06,5487,4790
New York,2022-11-07,5487,4795
New York,2022-11-08,5487,4823
New York,2022-11-09,5487,4833
New York,2022-11-10,5487,4855
New York,2022-11-11,5487,4857
New York,2022-11-12,5487,4879
New York,2022-11-13,5487,4896
New York,2022-11-14,5487,4901
New York,2022-11-15,5487,4924
New York,2022-11-16,5487,4934
New York,2022-11-17,5487,4939
New York,2022-11-18,5487,4943
New York,2022-11-19,5487,4956
New York,2022-11-20,5487,4969
New York,2022-11-21,5487,4994
New York,2022-11-22,5487,4996
New York,2022-11-23,5487,5028
New York,2022-11-24,5487,5056
New York,2022-11-25,5487,5072
New York,2022-11-26,5487,5102
New York,2022-11-27,5487,5120
New York,2022-11-28,5487,5130
New York,2022-11-29,5487,5160
New York,2022-11-30,5487,5170
New York,2022-12-01,5487,5188
New York,2022-12-02,5487,5221
New York,2022-12-03,5487,5226
New York,2022-12-04,6660,5243
New York,2022-12-05,6660,5269
New York,2022-12-06,6660,5294
New York,2022-12-07,6660,5322
New York,2022-12-08,6660,5339
New York,2022-12-09,6660,5342
New York,2022-12-10,6660,5369
New York,2022-12-11,6660,5395
New York,2022-12-12,6660,5403
New York,2022-12-13,6660,5437
New York,2022-12-14,6660,5466
New York,2022-12-15,6660,5492
New York,2022-12-16,6660,5492
New York,2022-12-17,6660,5512
New York,2022-12-18,6660,5515
New York,2022-12-19,6660,5525
New York,2022-12-20,6660,5547
New York,2022-12-21,6660,5564
New York,2022-12-22,6660,5591
New York,2022-12-23,6660,5620
New York,2022-12-24,6660,5634
New York,2022-12-25,6660,5644
New York,2022-12-26,6660,5647
New York,2022-12-27,6660,5655
New York,2022-12-28,6660,5672
New York,2022-12-29,6660,5683
New York,2022-12-30,6660,5686
New York,2022-12-31,6660,5709
New York,2023-01-01,6660,5730
New York,2023-01-02,6660,5743
New York,2023-01-03,6660,5746
New York,2023-01-04,6660,5770
New York,2023-01-05,6660,5793
New York,2023-01-06,6660,5805
New York,2023-01-07,6660,5804
New York,2023-01-08,6660,5819
New York,2023-01-09,6660,5819
New York,2023-01-10,6660,5830
New York,2023-01-11,6660,5854
New York,2023-01-12,6660,5850
New York,2023-01-13,6660,5857
New York,2023-01-14,6660,5867
New York,2023-01-15,6660,5893
New York,2023-01-16,6660,5900
New York,2023-01-17,6660,5921
New York,2023-01-18,6660,5917
New York,2023-01-19,6660,5933
New York,2023-01-20,6660,5950
New York,2023-01-21,6660,5945
New York,2023-01-22,6660,5955
New York,2023-01-23,6660,5957
New York,2023-01-24,6660,5976
New York,2023-01-25,6660,6001
New York,2023-01-26,6660,6017
New York,2023-01-27,6660,6033
New York,2023-01-28,6660,6042
New York,2023-01-29,6660,6044
New York,2023-01-30,6660,6069
New York,2023-01-31,6660,6079
New York,2023-02-01,6660,6091
New York,2023-02-02,6660,6099
New York,2023-02-03,6660,6119
New York,2023-02-04,6660,6145
New York,2023-02-05,6660,6167
New York,2023-02-06,6660,6187
New York,2023-02-07,6660,6206
New York,2023-02-08,6660,6225
New York,2023-02-09,6660,6246
New York,2023-02-10,6660,6259
New York,2023-02-11,6660,6271
New York,2023-02-12,6660,6271
New York,2023-02-13,6660,6268
New York,2023-02-14,6660,6292
New York,2023-02-15,6660,6318
New York,2023-02-16,6660,6322
New York,2023-02-17,6660,6334
New York,2023-02-18,6660,6335
New York,2023-02-19,6660,6360
New York,2023-02-20,6660,6368
New York,2023-02-21,6660,6384
New York,2023-02-22,6660,6404
New York,2023-02-23,7821,6413
New York,2023-02-24,7821,6421
New York,2023-02-25,7821,6430
New York,2023-02-26,7821,6443
New York,2023-02-27,7821,6455
New York,2023-02-28,7821,6454
New York,2023-03-01,7821,6464
New York,2023-03-02,7821,6481
New York,2023-03-03,7821,6489
New York,2023-03-04,7821,6509
New York,2023-03-05,7821,6527
New York,2023-03-06,7821,6539
New York,2023-03-07,7821,6537
New York,2023-03-08,7821,6542
New York,2023-03-09,7821,6553
New York,2023-03-10,7821,6576
New York,2023-03-11,7821,6602
New York,2023-03-12,7821,6599
New York,2023-03-13,7821,6607
New York,2023-03-14,7821,6626
New York,2023-03-15,7821,6647
New York,2023-03-16,7821,6655
New York,2023-03-17,7821,6666
New York,2023-03-18,7821,6672
New York,2023-03-19,7821,6691
New York,2023-03-20,7821,6691
New York,2023-03-21,7821,6689
New York,2023-03-22,7821,6703
New York,2023-03-23,7821,6714
New York,2023-03-24,7821,6732
New York,2023-03-25,7821,6752
New York,2023-03-26,7821,6770
New York,2023-03-27,7821,6776
New York,2023-03-28,7821,6795
New York,2023-03-29,7821,6806
New York,2023-03-30,7821,6813
New York,2023-03-31,7821,6817
New York,2023-04-01,7821,6823
New York,2023-04-02,7821,6826
New York,2023-04-03,7821,6849
New York,2023-04-04,7821,6847
New York,2023-04-05,7821,6860
New York,2023-04-06,7821,6862
New York,2023-04-07,7821,6858
New York,2023-04-08,7821,6871
New York,2023-04-09,7821,6883
New York,2023-04-10,7821,6898
New York,2023-04-11,7821,6899
New York,2023-04-12,7821,6908
New York,2023-04-13,7821,6913
New York,2023-04-14,7821,6913
New York,2023-04-15,7821,6915
New York,2023-04-16,7821,6919
New York,2023-04-17,7821,6943
New York,2023-04-18,7821,6951
New York,2023-04-19,7821,6966
New York,2023-04-20,7821,6969
New York,2023-04-21,7821,6992
New York,2023-04-22,7821,7011
New York,2023-04-23,7821,7015
New York,2023-04-24,7821,7020
New York,2023-04-25,7821,7019
New York,2023-04-26,7821,7047
New York,2023-04-27,7821,7070
New York,2023-04-28,7821,7087
New York,2023-04-29,7821,7101
New York,2023-04-30,7821,7098
New York,2023-05-01,7821,7125
New York,2023-05-02,7821,7148
New York,2023-05-03,7821,7155
New York,2023-05-04,7821,7163
New York,2023-05-05,7821,7169
New York,2023-05-06,7821,7172
New York,2023-05-07,7821,7182
New York,2023-05-08,7821,7204
New York,2023-05-09,7821,7208
New York,2023-05-10,7821,7230
New York,2023-05-11,7821,7253
New York,2023-05-12,7821,7267
New York,2023-05-13,7821,7294
New York,2023-05-14,7821,7309
New York,2023-05-15,7821,7310
New York,2023-05-16,7821,7313
New York,2023-05-17,7821,7315
New York,2023-05-18,7821,7329
New York,2023-05-19,7821,7355
New York,2023-05-20,7821,7378
New York,2023-05-21,7821,7378
New York,2023-05-22,7821,7396
New York,2023-05-23,7821,7393
New York,2023-05-24,7821,7403
New York,2023-05-25,7821,7416
New York,2023-05-26,7821,7437
New York,2023-05-27,7821,7441
New York,2023-05-28,7821,7462
New York,2023-05-29,7821,7465
New York,2023-05-30,7821,7467
New York,2023-05-31,7821,7470
New York,2023-06-01,7821,7473
New York,2023-06-02,7821,7504
New York,2023-06-03,7821,7508
New York,2023-06-04,7821,7531
New York,2023-06-05,7821,7557
New York,2023-06-06,8825,7579
New York,2023-06-07,8825,7588
New York,2023-06-08,8825,7603
New York,2023-06-09,8825,7625
New York,2023-06-10,8825,7636
New York,2023-06-11,8825,7654
New York,2023-06-12,8825,7663
New York,2023-06-13,8825,7669
New York,2023-06-14,8825,7684
New York,2023-06-15,8825,7694
New York,2023-06-16,8825,7720
New York,2023-06-17,8825,7733
New York,2023-06-18,8825,7759
New York,2023-06-19,8825,7768
New York,2023-06-20,8825,7777
New York,2023-06-21,8825,7792
New York,2023-06-22,8825,7812
New York,2023-06-23,8825,7810
New York,2023-06-24,8825,7827
New York,2023-06-25,8825,7846
New York,2023-06-26,8825,7857
New York,2023-06-27,8825,7858
New York,2023-06-28,8825,7865
New York,2023-06-29,8825,7877
New York,2023-06-30,8825,7900
New York,2023-07-01,8825,7915
New York,2023-07-02,8825,7936
New York,2023-07-03,8825,7944
New York,2023-07-04,8825,7967
New York,2023-07-05,8825,7998
New York,2023-07-06,8825,8019
New York,2023-07-07,8825,8033
New York,2023-07-08,8825,8039
New York,2023-07-09,8825,8062
New York,2023-07-10,8825,8064
New York,2023-07-11,8825,8087
New York,2023-07-12,8825,8099
New York,2023-07-13,8825,8128
New York,2023-07-14,8825,8144
New York,2023-07-15,8825,8156
New York,2023-07-16,8825,8178
New York,2023-07-17,8825,8209
New York,2023-07-18,8825,8206
New York,2023-07-19,8825,8216
New York,2023-07-20,8825,8243
New York,2023-07-21,8825,8246
New York,2023-07-22,8825,8265
New York,2023-07-23,8825,8262
New York,2023-07-24,8825,8277
New York,2023-07-25,8825,8284
New York,2023-07-26,8825,8304
New York,2023-07-27,8825,8325
New York,2023-07-28,8825,8353
New York,2023-07-29,8825,8373
New York,2023-07-30,8825,8369
New York,2023-07-31,8825,8386
New York,2023-08-01,8825,8395
New York,2023-08-02,8825,8395
New York,2023-08-03,8825,8416
New York,2023-08-04,8825,8431
New York,2023-08-05,8825,8431
New York,2023-08-06,8825,8458
New York,2023-08-07,8825,8478
New York,2023-08-08,8825,8500
New York,2023-08-09,8825,8499
New York,2023-08-10,8825,8512
New York,2023-08-11,8825,8516
New York,2023-08-12,8825,8535
New York,2023-08-13,8825,8541
New York,2023-08-14,8825,8548
New York,2023-08-15,8825,8548
New York,2023-08-16,9960,8577
New York,2023-08-17,9960,8592
New York,2023-08-18,9960,8611
New York,2023-08-19,9960,8621
New York,2023-08-20,9960,8643
New York,2023-08-21,9960,8664
New York,2023-08-22,9960,8684
New York,2023-08-23,9960,8685
New York,2023-08-24,9960,8696
New York,2023-08-25,9960,8712
New York,2023-08-26,9960,8714
New York,2023-08-27,9960,8715
New York,2023-08-28,9960,8716
New York,2023-08-29,9960,8730
New York,2023-08-30,9960,8748
New York,2023-08-31,9960,8762
New York,2023-09-01,9960,8788
New York,2023-09-02,9960,8811
New York,2023-09-03,9960,8813
New York,2023-09-04,9960,8839
New York,2023-09-05,9960,8850
New York,2023-09-06,9960,8845
New York,2023-09-07,9960,8862
New York,2023-09-08,9960,8888
New York,2023-09-09,9960,8900
New York,2023-09-10,9960,8901
New York,2023-09-11,9960,8896
New York,2023-09-12,9960,8909
New York,2023-09-13,9960,8930
New York,2023-09-14,9960,8953
New York,2023-09-15,9960,8957
New York,2023-09-16,9960,8970
New York,2023-09-17,9960,8985
New York,2023-09-18,9960,9004
New York,2023-09-19,9960,9011
New York,2023-09-20,9960,9030
New York,2023-09-21,9960,9049
New York,2023-09-22,9960,9061
New York,2023-09-23,9960,9056
New York,2023-09-24,9960,9064
New York,2023-09-25,9960,9084
New York,2023-09-26,9960,9092
New York,2023-09-27,9960,9114
New York,2023-09-28,9960,9142
New York,2023-09-29,9960,9150
New York,2023-09-30,9960,9146
New York,2023-10-01,9960,9172
New York,2023-10-02,9960,9186
New York,2023-10-03,9960,9199
New York,2023-10-04,9960,9230
New York,2023-10-05,9960,9242
New York,2023-10-06,9960,9265
New York,2023-10-07,9960,9287
New York,2023-10-08,9960,9293
New York,2023-10-09,9960,9312
New York,2023-10-10,9960,9336
New York,2023-10-11,9960,9356
New York,2023-10-12,9960,9358
New York,2023-10-13,9960,9363
New York,2023-10-14,9960,9389
New York,2023-10-15,9960,9408
New York,2023-10-16,9960,9432
New York,2023-10-17,9960,9442
New York,2023-10-18,9960,9443
New York,2023-10-19,9960,9443
New York,2023-10-20,9960,9457
New York,2023-10-21,9960,9481
New York,2023-10-22,9960,9483
New York,2023-10-23,9960,9484
New York,2023-10-24,9960,9498
New York,2023-10-25,9960,9517
New York,2023-10-26,9960,9534
New York,2023-10-27,9960,9535
New York,2023-10-28,9960,9537
New York,2023-10-29,9960,9552
New York,2023-10-30,9960,9573
New York,2023-10-31,9960,9598
New York,2023-11-01,9960,9626
New York,2023-11-02,9960,9626
New York,2023-11-03,9960,9640
New York,2023-11-04,9960,9662
New York,2023-11-05,9960,9687
New York,2023-11-06,11152,9714
New York,2023-11-07,11152,9729
New York,2023-11-08,11152,9751
New York,2023-11-09,11152,9755
New York,2023-11-10,11152,9763
New York,2023-11-11,11152,9772
New York,2023-11-12,11152,9774
New York,2023-11-13,11152,9780
New York,2023-11-14,11152,9789
New York,2023-11-15,11152,9799
New York,2023-11-16,11152,9822
New York,2023-11-17,11152,9833
New York,2023-11-18,11152,9862
New York,2023-11-19,11152,9888
New York,2023-11-20,11152,9905
New York,2023-11-21,11152,9923
New York,2023-11-22,11152,9935
New York,2023-11-23,11152,9939
New York,2023-11-24,11152,9940
New York,2023-11-25,11152,9954
New York,2023-11-26,11152,9974
New York,2023-11-27,11152,10003
New York,2023-11-28,11152,10014
New York,2023-11-29,11152,10025
New York,2023-11-30,11152,10055
New York,2023-12-01,11152,10085
New York,2023-12-02,11152,10103
New York,2023-12-03,11152,10112
New York,2023-12-04,11152,10134
New York,2023-12-05,11152,10141
New York,2023-12-06,11152,10150
New York,2023-12-07,11152,10181
New York,2023-12-08,11152,10211
New York,2023-12-09,11152,10223
New York,2023-12-10,11152,10248
New York,2023-12-11,11152,10265
New York,2023-12-12,11152,10289
New York,2023-12-13,11152,10300
New York,2023-12-14,11152,10312
New York,2023-12-15,11152,10338
New York,2023-12-16,11152,10347
New York,2023-12-17,11152,10378
New York,2023-12-18,11152,10386
New York,2023-12-19,11152,10402
New York,2023-12-20,11152,10427
New York,2023-12-21,11152,10442
New York,2023-12-22,11152,10475
New York,2023-12-23,11152,10492
New York,2023-12-24,11152,10499
New York,2023-12-25,11152,10524
New York,2023-12-26,11152,10553
New York,2023-12-27,11152,10559
New York,2023-12-28,11152,10590
New York,2023-12-29,11152,10616
New York,2023-12-30,11152,10638
New York,2023-12-31,11152,10645
New York,2024-01-01,11152,10649
New York,2024-01-02,11152,10652
New York,2024-01-03,11152,10671
New York,2024-01-04,11152,10693
New York,2024-01-05,11152,10692
New York,2024-01-06,11152,10708
New York,2024-01-07,11152,10723
New York,2024-01-08,11152,10738
New York,2024-01-09,11152,10764
New York,2024-01-10,11152,10775
New York,2024-01-11,11152,10796
New York,2024-01-12,11152,10816
New York,2024-01-13,11152,10829
New York,2024-01-14,11152,10827
New York,2024-01-15,11152,10844
New York,2024-01-16,11152,10847
New York,2024-01-17,11152,10846
New York,2024-01-18,11152,10863
New York,2024-01-19,11152,10889
New York,2024-01-20,12106,10916
New York,2024-01-21,12106,10910
New York,2024-01-22,12106,10913
New York,2024-01-23,12106,10927
New York,2024-01-24,12106,10942
New York,2024-01-25,12106,10962
New York,2024-01-26,12106,10966
New York,2024-01-27,12106,10974
New York,2024-01-28,12106,10986
New York,2024-01-29,12106,11006
New York,2024-01-30,12106,11006
New York,2024-01-31,12106,11003
New York,2024-02-01,12106,11002
New York,2024-02-02,12106,11009
New York,2024-02-03,12106,11007
New York,2024-02-04,12106,11014
New York,2024-02-05,12106,11021
New York,2024-02-06,12106,11041
New York,2024-02-07,12106,11054
New York,2024-02-08,12106,11062
New York,2024-02-09,12106,11062
New York,2024-02-10,12106,11082
New York,2024-02-11,12106,11086
New York,2024-02-12,12106,11089
New York,2024-02-13,12106,11108
New York,2024-02-14,12106,11104
New York,2024-02-15,12106,11118
New York,2024-02-16,12106,11134
New York,2024-02-17,12106,11158
New York,2024-02-18,12106,11169
New York,2024-02-19,12106,11181
New York,2024-02-20,12106,11189
New York,2024-02-21,12106,11199
New York,2024-02-22,12106,11203
New York,2024-02-23,12106,11218
New York,2024-02-24,12106,11220
New York,2024-02-25,12106,11226
New York,2024-02-26,12106,11247
New York,2024-02-27,12106,11270
New York,2024-02-28,12106,11282
New York,2024-02-29,12106,11292
New York,2024-03-01,12106,11287
New York,2024-03-02,12106,11289
New York,2024-03-03,12106,11307
New York,2024-03-04,12106,11319
New York,2024-03-05,12106,11342
New York,2024-03-06,12106,11343
New York,2024-03-07,12106,11348
New York,2024-03-08,12106,11356
New York,2024-03-09,12106,11361
New York,2024-03-10,12106,11373
New York,2024-03-11,12106,11389
New York,2024-03-12,12106,11405
New York,2024-03-13,12106,11417
New York,2024-03-14,12106,11424
New York,2024-03-15,12106,11448
New York,2024-03-16,12106,11462
New York,2024-03-17,12106,11484
New York,2024-03-18,12106,11511
New York,2024-03-19,12106,11523
New York,2024-03-20,12106,11539
New York,2024-03-21,12106,11543
New York,2024-03-22,12106,11546
New York,2024-03-23,12106,11544
New York,2024-03-24,12106,11550
New York,2024-03-25,12106,11563
New York,2024-03-26,12106,11574
New York,2024-03-27,12106,11576
New York,2024-03-28,12106,11585
New York,2024-03-29,12106,11587
New York,2024-03-30,12106,11605
New York,2024-03-31,12106,11622
New York,2024-04-01,12106,11634
New York,2024-04-02,12106,11645
New York,2024-04-03,12106,11644
New York,2024-04-04,12106,11651
New York,2024-04-05,12106,11664
New York,2024-04-06,12106,11687
New York,2024-04-07,12106,11711
New York,2024-04-08,12106,11721
New York,2024-04-09,12106,11724
New York,2024-04-10,12106,11752
New York,2024-04-11,12106,11765
New York,2024-04-12,12106,11775
New York,2024-04-13,12106,11785
New York,2024-04-14,12106,11795
New York,2024-04-15,12106,11795
New York,2024-04-16,12106,11790
New York,2024-04-17,12106,11793
New York,2024-04-18,12106,11796
New York,2024-04-19,12106,11809
New York,2024-04-20,12106,11811
New York,2024-04-21,12106,11826
New York,2024-04-22,12106,11841
New York,2024-04-23,12106,11842
New York,2024-04-24,12106,11841
New York,2024-04-25,13193,11863
New York,2024-04-26,13193,11874
New York,2024-04-27,13193,11895
New York,2024-04-28,13193,11907
New York,2024-04-29,13193,11914
New York,2024-04-30,13193,11932
New York,2024-05-01,13193,11935
New York,2024-05-02,13193,11945
New York,2024-05-03,13193,11950
New York,2024-05-04,13193,11958
New York,2024-05-05,13193,11977
New York,2024-05-06,13193,11981
New York,2024-05-07,13193,11999
New York,2024-05-08,13193,12024
New York,2024-05-09,13193,12041
New York,2024-05-10,13193,12044
New York,2024-05-11,13193,12043
New York,2024-05-12,13193,12064
New York,2024-05-13,13193,12083
New York,2024-05-14,13193,12097
New York,2024-05-15,13193,12110
New York,2024-05-16,13193,12127
New York,2024-05-17,13193,12128
New York,2024-05-18,13193,12146
New York,2024-05-19,13193,12153
New York,2024-05-20,13193,12159
New York,2024-05-21,13193,12181
New York,2024-05-22,13193,12182
New York,2024-05-23,13193,12205
New York,2024-05-24,13193,12208
New York,2024-05-25,13193,12225
New York,2024-05-26,13193,12227
New York,2024-05-27,13193,12245
New York,2024-05-28,13193,12266
New York,2024-05-29,13193,12287
New York,2024-05-30,13193,12297
New York,2024-05-31,13193,12311
New York,2024-06-01,13193,12330
New York,2024-06-02,13193,12341
New York,2024-06-03,13193,12344
New York,2024-06-04,13193,12365
New York,2024-06-05,13193,12377
New York,2024-06-06,13193,12398
New York,2024-06-07,13193,12418
New York,2024-06-08,13193,12431
New York,2024-06-09,13193,12441
New York,2024-06-10,13193,12442
New York,2024-06-11,13193,12445
New York,2024-06-12,13193,12460
New York,2024-06-13,13193,12482
New York,2024-06-14,13193,12489
New York,2024-06-15,13193,12514
New York,2024-06-16,13193,12523
New York,2024-06-17,13193,12552
New York,2024-06-18,13193,12575
New York,2024-06-19,13193,12588
New York,2024-06-20,13193,12596
New York,2024-06-21,13193,12606
New York,2024-06-22,13193,12621
New York,2024-06-23,13193,12638
New York,2024-06-24,13193,12661
New York,2024-06-25,13193,12690
New York,2024-06-26,13193,12710
New York,2024-06-27,13193,12707
New York,2024-06-28,13193,12726
New York,2024-06-29,13193,12722
New York,2024-06-30,13193,12748
New York,2024-07-01,13193,12761
New York,2024-07-02,13193,12760
New York,2024-07-03,13193,12767
New York,2024-07-04,13193,12793
New York,2024-07-05,13193,12822
New York,2024-07-06,13193,12828
New York,2024-07-07,13193,12853
New York,2024-07-08,13193,12856
New York,2024-07-09,13193,12865
New York,2024-07-10,13193,12865
New York,2024-07-11,13193,12887
New York,2024-07-12,13193,12888
New York,2024-07-13,13193,12901
New York,2024-07-14,13193,12911
New York,2024-07-15,13193,12930
New York,2024-07-16,14139,12944
New York,2024-07-17,14139,12962
New York,2024-07-18,14139,12959
New York,2024-07-19,14139,12970
New York,2024-07-20,14139,12974
New York,2024-07-21,14139,12981
New York,2024-07-22,14139,13001
New York,2024-07-23,14139,12997
New York,2024-07-24,14139,13017
New York,2024-07-25,14139,13039
New York,2024-07-26,14139,13065
New York,2024-07-27,14139,13084
New York,2024-07-28,14139,13095
New York,2024-07-29,14139,13101
New York,2024-07-30,14139,13104
New York,2024-07-31,14139,13125
New York,2024-08-01,14139,13126
New York,2024-08-02,14139,13135
New York,2024-08-03,14139,13138
New York,2024-08-04,14139,13159
New York,2024-08-05,14139,13180
New York,2024-08-06,14139,13180
New York,2024-08-07,14139,13196
New York,2024-08-08,14139,13196
New York,2024-08-09,14139,13213
New York,2024-08-10,14139,13225
New York,2024-08-11,14139,13245
New York,2024-08-12,14139,13266
New York,2024-08-13,14139,13269
New York,2024-08-14,14139,13289
New York,2024-08-15,14139,13300
New York,2024-08-16,14139,13298
New York,2024-08-17,14139,13298
New York,2024-08-18,14139,13317
New York,2024-08-19,14139,13327
New York,2024-08-20,14139,13356
New York,2024-08-21,14139,13363
New York,2024-08-22,14139,13368
New York,2024-08-23,14139,13384
New York,2024-08-24,14139,13391
New York,2024-08-25,14139,13410
New York,2024-08-26,14139,13433
New York,2024-08-27,14139,13443
New York,2024-08-28,14139,13444
New York,2024-08-29,14139,13470
New York,2024-08-30,14139,13476
New York,2024-08-31,14139,13495
New York,2024-09-01,14139,13498
New York,2024-09-02,14139,13501
New York,2024-09-03,14139,13521
New York,2024-09-04,14139,13533
New York,2024-09-05,14139,13531
New York,2024-09-06,14139,13544
New York,2024-09-07,14139,13544
New York,2024-09-08,14139,13566
New York,2024-09-09,14139,13573
New York,2024-09-10,14139,13574
New York,2024-09-11,14139,13599
New York,2024-09-12,14139,13608
New York,2024-09-13,14139,13620
New York,2024-09-14,14139,13641
New York,2024-09-15,14139,13665
New York,2024-09-16,14139,13663
New York,2024-09-17,14139,13659
New York,2024-09-18,14139,13662
New York,2024-09-19,14139,13657
New York,2024-09-20,14139,13684
New York,2024-09-21,14139,13696
New York,2024-09-22,14139,13714
New York,2024-09-23,14139,13735
New York,2024-09-24,14139,13745
New York,2024-09-25,14139,13745
New York,2024-09-26,14139,13760
New York,2024-09-27,14139,13760
New York,2024-09-28,14139,13758
New York,2024-09-29,14139,13758
New York,2024-09-30,14139,13782
New York,2024-10-01,14139,13806
New York,2024-10-02,14139,13823
New York,2024-10-03,14139,13837
New York,2024-10-04,14139,13861
New York,2024-10-05,15072,13890
New York,2024-10-06,15072,13902
New York,2024-10-07,15072,13918
New York,2024-10-08,15072,13952
New York,2024-10-09,15072,13957
New York,2024-10-10,15072,13962
New York,2024-10-11,15072,13992
New York,2024-10-12,15072,13996
New York,2024-10-13,15072,14017
New York,2024-10-14,15072,14018
New York,2024-10-15,15072,14042
New York,2024-10-16,15072,14066
New York,2024-10-17,15072,14069
New York,2024-10-18,15072,14072
New York,2024-10-19,15072,14079
New York,2024-10-20,15072,14078
New York,2024-10-21,15072,14093
New York,2024-10-22,15072,14111
New York,2024-10-23,15072,14140
New York,2024-10-24,15072,14163
New York,2024-10-25,15072,14168
New York,2024-10-26,15072,14175
New York,2024-10-27,15072,14203
New York,2024-10-28,15072,14214
New York,2024-10-29,15072,14240
New York,2024-10-30,15072,14262
New York,2024-10-31,15072,14276
New York,2024-11-01,15072,14289
New York,2024-11-02,15072,14303
New York,2024-11-03,15072,14314
New York,2024-11-04,15072,14335
New York,2024-11-05,15072,14338
New York,2024-11-06,15072,14354
New York,2024-11-07,15072,14363
New York,2024-11-08,15072,14382
New York,2024-11-09,15072,14399
New York,2024-11-10,15072,14409
New York,2024-11-11,15072,14421
New York,2024-11-12,15072,14426
New York,2024-11-13,15072,14450
New York,2024-11-14,15072,14452
New York,2024-11-15,15072,14477
New York,2024-11-16,15072,14475
New York,2024-11-17,15072,14506
New York,2024-11-18,15072,14505
New York,2024-11-19,15072,14507
New York,2024-11-20,15072,14519
New York,2024-11-21,15072,14547
New York,2024-11-22,15072,14556
New York,2024-11-23,15072,14559
New York,2024-11-24,15072,14587
New York,2024-11-25,15072,14613
New York,2024-11-26,15072,14625
New York,2024-11-27,15072,14634
New York,2024-11-28,15072,14650
New York,2024-11-29,15072,14660
New York,2024-11-30,15072,14684
New York,2024-12-01,15072,14702
New York,2024-12-02,15072,14707
New York,2024-12-03,15072,14726
New York,2024-12-04,15072,14730
New York,2024-12-05,15072,14757
New York,2024-12-06,15072,14759
New York,2024-12-07,15072,14762
New York,2024-12-08,15072,14789
New York,2024-12-09,15072,14817
New York,2024-12-10,16016,14826
New York,2024-12-11,16016,14844
New York,2024-12-12,16016,14844
New York,2024-12-13,16016,14850
New York,2024-12-14,16016,14872
New York,2024-12-15,16016,14884
New York,2024-12-16,16016,14902
New York,2024-12-17,16016,14916
New York,2024-12-18,16016,14935
New York,2024-12-19,16016,14963
New York,2024-12-20,16016,14972
New York,2024-12-21,16016,15002
New York,2024-12-22,16016,15030
New York,2024-12-23,16016,15036
New York,2024-12-24,16016,15037
New York,2024-12-25,16016,15036
New York,2024-12-26,16016,15053
New York,2024-12-27,16016,15077
New York,2024-12-28,16016,15097
New York,2024-12-29,16016,15127
New York,2024-12-30,16016,15131
New York,2024-12-31,16016,15153
New York,2025-01-01,16016,15176
New York,2025-01-02,16016,15174
New York,2025-01-03,16016,15185
New York,2025-01-04,16016,15195
New York,2025-01-05,16016,15219
New York,2025-01-06,16016,15219
New York,2025-01-07,16016,15215
New York,2025-01-08,16016,15239
New York,2025-01-09,16016,15265
New York,2025-01-10,16016,15274
New York,2025-01-11,16016,15282
New York,2025-01-12,16016,15294
New York,2025-01-13,16016,15305
New York,2025-01-14,16016,15322
New York,2025-01-15,16016,15322
New York,2025-01-16,16016,15334
New York,2025-01-17,16016,15342
New York,2025-01-18,16016,15345
New York,2025-01-19,16016,15349
New York,2025-01-20,16016,15375
New York,2025-01-21,16016,15393
New York,2025-01-22,16016,15400
New York,2025-01-23,16016,15403
New York,2025-01-24,16016,15400
New York,2025-01-25,16016,15402
New York,2025-01-26,16016,15400
New York,2025-01-27,16016,15398
New York,2025-01-28,16016,15409
New York,2025-01-29,16016,15416
New York,2025-01-30,16016,15417
New York,2025-01-31,16016,15423
